Tarih,HataMesaji
Thu Jan  2 04:31:39 AM +03 2025,Hatali urun guncelleme girisi
Thu Jan  2 04:32:01 AM +03 2025,Hatali urun guncelleme girisi
Wed Jan  8 08:13:48 PM +03 2025, admin, Hatalı giriş
Wed Jan  8 08:13:52 PM +03 2025, HATA: Kullanıcı giriş bilgileri eksik
Wed Jan  8 08:16:12 PM +03 2025, adminadmin, Hatalı giriş
Wed Jan  8 08:16:28 PM +03 2025, admin admin, Hatalı giriş
Wed Jan  8 08:16:31 PM +03 2025, admin admin, Hatalı giriş denemeleri sonlandı
Wed Jan  8 08:34:08 PM +03 2025, admin, Hatalı giriş
Wed Jan  8 08:34:12 PM +03 2025, HATA: Kullanıcı giriş bilgileri eksik
Wed Jan  8 08:35:16 PM +03 2025, admin, Hatalı giriş
Wed Jan  8 08:35:25 PM +03 2025, Arda, Hatalı giriş
Wed Jan  8 08:35:27 PM +03 2025, Arda, Hatalı giriş denemeleri sonlandı
Wed Jan  8 08:36:51 PM +03 2025, admin, Hatalı giriş
Wed Jan  8 08:37:11 PM +03 2025, Admin, Hatalı giriş
Wed Jan  8 08:37:23 PM +03 2025, admin, Hatalı giriş
Wed Jan  8 08:37:25 PM +03 2025, admin, Hatalı giriş denemeleri sonlandı
